name,transaction_type,transaction_amount,transaction_date,transaction_place
Neha,Subscription,126.02,2025-03-18,Bookstore
Krishna,Deposit,143.58,2024-11-11,Cafe
Krishna,Refund,112.93,2023-11-18,University
Pooja,Deposit,232.90,2023-09-05,Restaurant
Nisha,Transfer,435.72,2025-11-19,University
Meera,Purchase,483.66,2024-03-04,Mall
Ritika,Deposit,89.33,2023-04-09,Online
Pooja,Refund,72.11,2023-09-09,Grocery Store
Pooja,Transfer,84.14,2025-04-01,Online
Aditi,Transfer,376.34,2025-11-23,Cinema
Sneha,Withdrawal,39.13,2025-11-21,Grocery Store
Ira,Withdrawal,252.24,2023-02-12,Online
Samir,Refund,368.66,2023-11-12,Mall
Ira,Withdrawal,179.90,2023-12-07,Online
Vihaan,Purchase,88.30,2024-06-12,Pharmacy
Maya,Withdrawal,98.61,2024-10-14,Pharmacy
Rahul,Refund,443.75,2023-12-23,Grocery Store
Shaurya,Deposit,288.09,2024-02-24,Mall
Maya,Purchase,58.59,2023-04-25,Gas Station
Aditya,Subscription,434.86,2025-08-14,University
Manish,Refund,50.26,2023-02-21,Pharmacy
Nisha,Withdrawal,281.66,2025-01-21,Pharmacy
Aditi,Purchase,378.47,2023-12-18,University
Rahul,Refund,313.76,2023-07-08,Pharmacy
Samir,Subscription,67.32,2024-06-02,Bookstore
Deepa,Withdrawal,429.77,2024-07-02,Online
Saanvi,Subscription,41.53,2023-05-10,Cafe
Maya,Withdrawal,136.47,2023-04-25,Cafe
Rahul,Withdrawal,336.21,2025-01-08,Gas Station
Kartik,Withdrawal,132.57,2025-02-26,Gas Station
Aditi,Purchase,404.73,2025-08-24,Gas Station
Rahul,Refund,28.46,2024-11-03,Cafe
Arjun,Deposit,143.01,2024-09-13,Cafe
Aarav,Purchase,167.95,2025-02-02,University
Pooja,Withdrawal,165.48,2024-10-30,Bookstore
Nisha,Deposit,396.04,2024-12-21,Gas Station
Rahul,Transfer,216.72,2023-06-23,Restaurant
Aarav,Deposit,389.69,2023-01-15,Cinema
Maya,Withdrawal,473.09,2024-01-04,Cafe
Sneha,Refund,372.23,2024-11-01,Grocery Store
Ananya,Withdrawal,298.45,2025-03-09,Bookstore
Ishaan,Refund,416.62,2025-11-11,Bookstore
Aditya,Subscription,303.42,2023-10-27,Gas Station
Aditya,Withdrawal,388.09,2023-06-01,Pharmacy
Ira,Purchase,395.83,2023-04-17,Bookstore
Krishna,Withdrawal,89.45,2023-03-30,Restaurant
Meera,Refund,431.09,2024-11-22,Restaurant
Neha,Withdrawal,150.46,2025-01-19,University
Kavya,Refund,60.89,2025-09-02,Restaurant
Kavya,Purchase,355.06,2025-03-25,Pharmacy
Aditi,Withdrawal,304.75,2025-05-31,Online
Aditya,Deposit,141.74,2023-07-22,Grocery Store
Ritu,Transfer,63.43,2024-07-02,Pharmacy
Manish,Transfer,381.29,2023-02-05,Cafe
Vihaan,Purchase,102.91,2024-11-25,Bookstore
Aditya,Withdrawal,87.95,2024-04-09,Cinema
Vivaan,Deposit,468.59,2024-10-09,Grocery Store
Saanvi,Transfer,195.45,2025-10-04,Gas Station
Samir,Transfer,173.30,2025-01-17,Gas Station
Arjun,Refund,498.56,2025-02-13,Cafe
Kartik,Purchase,311.23,2025-08-08,Pharmacy
Rohan,Transfer,188.02,2024-05-23,Cinema
Manish,Transfer,35.59,2023-09-05,Online
Aditya,Deposit,373.49,2025-05-16,Mall
Ishaan,Deposit,313.68,2024-08-17,Cafe
Ira,Transfer,403.11,2023-05-22,University
Shaurya,Refund,402.44,2025-06-11,Pharmacy
Vivaan,Withdrawal,176.66,2023-09-30,Online
Priya,Refund,48.62,2025-10-22,University
Aditya,Transfer,125.58,2024-10-26,Online
Sneha,Withdrawal,49.13,2025-04-20,Restaurant
Vihaan,Subscription,47.38,2023-05-25,Bookstore
Sneha,Purchase,334.33,2023-05-17,University
Vivaan,Refund,241.58,2023-09-15,Cinema
Rahul,Subscription,45.36,2025-05-16,Cinema
Kartik,Subscription,101.31,2025-07-24,Mall
Amit,Transfer,247.98,2024-05-21,Restaurant
Arjun,Withdrawal,253.43,2023-02-03,Mall
Aditi,Purchase,369.41,2025-01-30,Cinema
Kartik,Purchase,327.77,2023-06-26,Cafe
Krishna,Deposit,172.73,2025-10-09,Online
Rohan,Purchase,467.82,2024-04-19,Bookstore
Samir,Transfer,327.61,2023-05-15,Mall
Pooja,Deposit,92.03,2024-07-30,Gas Station
Arjun,Refund,296.24,2025-10-29,Cinema
Rohan,Refund,357.19,2023-03-19,Cinema
Vihaan,Withdrawal,236.24,2024-04-21,University
Shaurya,Transfer,222.57,2024-05-13,Grocery Store
Ishaan,Transfer,370.11,2024-03-13,Cafe
Rahul,Deposit,324.38,2025-01-25,Restaurant
Aditi,Transfer,400.43,2025-06-11,Grocery Store
Vihaan,Refund,165.69,2024-03-09,Grocery Store
Aditya,Transfer,397.71,2025-05-07,Mall
Vikram,Purchase,377.54,2024-11-11,University
Arjun,Purchase,427.56,2025-06-16,Restaurant
Neha,Deposit,200.07,2024-11-21,Grocery Store
Ritu,Withdrawal,450.13,2024-06-25,Online
Ritika,Withdrawal,220.54,2025-08-23,Mall
Priya,Refund,30.55,2023-06-27,University
Aarav,Deposit,253.50,2024-10-06,Online
Rahul,Withdrawal,418.20,2024-08-24,Mall
Amit,Refund,400.43,2024-04-19,Restaurant
Ananya,Refund,85.42,2025-01-04,Mall
Priya,Purchase,95.67,2024-03-03,University
Krishna,Deposit,179.59,2025-07-25,Grocery Store
Aditi,Withdrawal,78.48,2025-03-22,Bookstore
Arjun,Transfer,295.56,2023-08-29,Cafe
Deepa,Purchase,329.37,2023-06-04,Bookstore
Rahul,Purchase,144.12,2025-05-27,Grocery Store
Neha,Deposit,385.30,2025-01-27,Cafe
Sneha,Refund,68.90,2023-03-31,Cafe
Maya,Subscription,264.18,2024-11-22,Grocery Store
Ishaan,Refund,129.17,2025-04-06,Mall
Nisha,Transfer,487.09,2024-09-17,Grocery Store
Ishaan,Deposit,455.09,2023-11-19,Grocery Store
Vikram,Withdrawal,38.73,2023-12-22,Cafe
Vihaan,Refund,155.92,2023-11-21,Cafe
Vikram,Withdrawal,81.07,2024-06-29,Online
Rohan,Transfer,143.99,2024-04-14,Pharmacy
Priya,Deposit,188.79,2024-03-25,Restaurant
Ira,Deposit,440.82,2023-02-16,Grocery Store
Vikram,Purchase,222.21,2025-10-30,Cafe
Meera,Subscription,130.19,2025-07-04,Pharmacy
Manish,Transfer,84.63,2023-11-07,Grocery Store
Kavya,Purchase,277.66,2023-03-22,Cafe
Vivaan,Deposit,327.31,2025-07-24,Grocery Store
Aditya,Transfer,302.13,2023-07-21,Pharmacy
Saanvi,Transfer,174.06,2025-07-18,Restaurant
Rohan,Purchase,437.35,2025-11-17,Cafe
Rahul,Purchase,141.68,2023-03-26,Online
Vivaan,Refund,398.31,2024-01-05,Restaurant
Vihaan,Purchase,79.87,2023-10-07,Cafe
Ritu,Withdrawal,138.12,2023-07-21,Restaurant
Rohan,Subscription,307.43,2024-03-11,Mall
Kavya,Withdrawal,420.10,2023-10-15,Grocery Store
Priya,Purchase,431.13,2025-02-28,Bookstore
Krishna,Subscription,135.30,2024-06-23,Cafe
Nisha,Transfer,449.85,2025-05-21,Bookstore
Ishaan,Subscription,72.58,2024-02-23,Gas Station
Sneha,Transfer,46.17,2025-09-08,Mall
Ananya,Purchase,220.32,2024-06-14,Restaurant
Priya,Withdrawal,94.31,2024-02-02,Bookstore
Saanvi,Subscription,317.26,2024-10-05,Cafe
Meera,Withdrawal,134.64,2025-05-30,Grocery Store
Priya,Purchase,162.28,2024-02-02,Bookstore
Ananya,Deposit,436.07,2025-11-14,Restaurant
Manish,Refund,201.90,2023-01-30,Bookstore
Pooja,Refund,404.30,2023-10-19,Cafe
Priya,Transfer,18.72,2024-03-22,Cinema
Maya,Transfer,277.11,2024-11-13,Online
Rahul,Withdrawal,386.91,2023-02-05,Online
Kavya,Refund,303.77,2023-08-02,University
Amit,Deposit,197.52,2024-12-28,Bookstore
Arjun,Subscription,96.70,2024-07-16,Pharmacy
Rahul,Subscription,358.11,2025-11-18,Mall
Amit,Purchase,53.88,2023-06-27,University
Rohan,Purchase,453.87,2024-01-18,University
Ira,Subscription,156.94,2024-07-10,Bookstore
Kartik,Refund,53.36,2023-04-06,Bookstore
Samir,Deposit,466.59,2023-03-26,Pharmacy
Aarav,Withdrawal,158.32,2025-09-12,Bookstore
Kartik,Withdrawal,393.60,2023-11-21,Cinema
Priya,Withdrawal,385.28,2024-01-01,Grocery Store
Sneha,Withdrawal,57.46,2024-05-15,Bookstore
Pooja,Withdrawal,309.97,2023-08-01,Restaurant
Ritika,Withdrawal,452.27,2024-08-14,Restaurant
Deepa,Deposit,404.04,2023-08-21,Cinema
Vihaan,Purchase,99.59,2025-07-03,University
Maya,Refund,481.06,2025-05-27,Online
Nisha,Purchase,474.77,2023-05-19,Restaurant
Manish,Purchase,396.56,2025-03-05,Cafe
Deepa,Subscription,34.27,2024-10-15,Bookstore
Aditya,Refund,244.10,2024-10-26,Online
Saanvi,Transfer,84.99,2023-07-03,Gas Station
Nisha,Withdrawal,318.08,2023-12-08,Mall
Manish,Subscription,204.59,2023-02-13,Online
Vikram,Deposit,484.25,2024-10-07,University
Kavya,Purchase,113.09,2025-02-06,Online
Ritu,Subscription,127.92,2023-09-03,Cinema
Amit,Withdrawal,187.00,2025-06-09,Pharmacy
Saanvi,Refund,101.05,2025-11-18,Mall
Shaurya,Withdrawal,440.36,2023-05-17,Bookstore
Meera,Subscription,292.65,2023-03-30,Pharmacy
Deepa,Refund,150.61,2024-12-23,Gas Station
Rohan,Deposit,224.88,2024-04-30,Restaurant
Ira,Subscription,233.57,2024-02-04,Online
Aditya,Withdrawal,123.59,2023-06-18,University
Arjun,Withdrawal,45.52,2024-06-02,Grocery Store
Deepa,Deposit,33.25,2023-06-10,Cafe
Krishna,Deposit,174.86,2024-09-23,Restaurant
Rohan,Deposit,277.76,2024-12-18,Cinema
Sneha,Purchase,64.52,2024-08-18,Bookstore
Pooja,Deposit,208.20,2023-07-13,Gas Station
Arjun,Purchase,226.94,2023-12-08,Cafe
Vikram,Refund,43.66,2024-09-21,Grocery Store
Kavya,Withdrawal,239.84,2024-02-11,Mall
Manish,Subscription,315.79,2025-04-16,Cafe
Nisha,Withdrawal,417.13,2024-04-24,Restaurant
Pooja,Withdrawal,267.38,2023-03-17,Cafe
Rohan,Withdrawal,86.93,2025-03-28,University
